{
  "config": {
    "model": "google/gemma-4-E2B-it",
    "dataset": "ami",
    "split": "test",
    "backend": "vllm",
    "quantization": null,
    "limit": null,
    "seed": 42,
    "output_dir": "eval_results",
    "output_json": null,
    "output_csv": null,
    "quiet": true,
    "streaming": false,
    "prompt": "Transcribe the following speech segment in its original language.",
    "max_output_tokens": null,
    "chunk_duration_s": null,
    "batch_size": 16
  },
  "corpus_metrics": {
    "wer": 0.20810280207031948,
    "cer": 0.13383689759933282,
    "mer": 0.2013947362739383,
    "wil": 0.2905962096294388,
    "substitution_rate": 0.10139657326432268,
    "insertion_rate": 0.03330804925932536,
    "deletion_rate": 0.07339817954667142,
    "latency": {
      "mean": 0.013301095506542826,
      "p50": 0.013056426440016367,
      "p95": 0.018968246560689295
    },
    "rtfx": {
      "mean": 188.18397724354512,
      "p50": 117.46512076963019,
      "p95": 582.1171811791008
    },
    "audio_duration": {
      "mean": 2.4719861237443643,
      "min": 0.04,
      "max": 26.1699375,
      "p50": 1.5,
      "total": 31253.320562499997
    },
    "num_samples": 12643,
    "bleu": null,
    "throughput_rtfx": 174.88163455080834
  },
  "sample_results": []
}