{
  "config": {
    "model": "google/gemma-4-E2B-it",
    "dataset": "earnings22",
    "split": "test",
    "backend": "vllm",
    "quantization": null,
    "limit": null,
    "seed": 42,
    "output_dir": "eval_results",
    "output_json": null,
    "output_csv": null,
    "quiet": true,
    "streaming": false,
    "prompt": "Transcribe the following speech segment in its original language.",
    "max_output_tokens": null,
    "chunk_duration_s": null,
    "batch_size": 16
  },
  "corpus_metrics": {
    "wer": 0.154420335794188,
    "cer": 0.09794979031511987,
    "mer": 0.14882630033309024,
    "wil": 0.2194727318452142,
    "substitution_rate": 0.0785496635923025,
    "insertion_rate": 0.037587680729667276,
    "deletion_rate": 0.038282991472218246,
    "latency": {
      "mean": 0.024980556870378662,
      "p50": 0.024004756000067573,
      "p95": 0.03269451112646493
    },
    "rtfx": {
      "mean": 288.51487072975,
      "p50": 248.22937715406624,
      "p95": 689.6898982318326
    },
    "audio_duration": {
      "mean": 7.12854683509668,
      "min": 0.2200625,
      "max": 36.36,
      "p50": 6.14,
      "total": 19539.346875
    },
    "num_samples": 2741,
    "bleu": null,
    "throughput_rtfx": 234.3697385791376
  },
  "sample_results": []
}