{
  "config": {
    "model": "google/gemma-4-E2B-it",
    "dataset": "librispeech",
    "split": "test.other",
    "backend": "vllm",
    "quantization": null,
    "limit": null,
    "seed": 42,
    "output_dir": "eval_results",
    "output_json": null,
    "output_csv": null,
    "quiet": false,
    "streaming": false,
    "prompt": "Transcribe the following speech segment in its original language.\n* Only output the transcription, with no newlines.\n* When transcribing numbers, write the digits, i.e. write 1.7 and not one point seven, and write 3 instead of three.",
    "max_output_tokens": null,
    "chunk_duration_s": null,
    "batch_size": 16
  },
  "corpus_metrics": {
    "wer": 0.11990394070040088,
    "cer": 0.05962311918368248,
    "mer": 0.11840827606812071,
    "wil": 0.19797227380451954,
    "substitution_rate": 0.08832539142273656,
    "insertion_rate": 0.012631419711065729,
    "deletion_rate": 0.018947129566598594,
    "latency": {
      "mean": 0.1579532798131064,
      "p50": 0.14410121901892126,
      "p95": 0.29929683941882096
    },
    "rtfx": {
      "mean": 39.35379777085231,
      "p50": 37.77108840785686,
      "p95": 55.386734850902066
    },
    "audio_duration": {
      "mean": 6.542895585233072,
      "min": 1.25,
      "max": 34.51,
      "p50": 5.15,
      "total": 19229.570125
    },
    "num_samples": 2939,
    "bleu": null
  }
}