{
  "config": {
    "model": "google/gemma-4-E4B-it",
    "dataset": "voxpopuli",
    "split": "test",
    "backend": "vllm",
    "quantization": null,
    "limit": null,
    "seed": 42,
    "output_dir": "eval_results",
    "output_json": null,
    "output_csv": null,
    "quiet": true,
    "streaming": false,
    "prompt": "Transcribe the following speech segment in its original language.",
    "max_output_tokens": null,
    "chunk_duration_s": null,
    "batch_size": 16
  },
  "corpus_metrics": {
    "wer": 0.08536945030513396,
    "cer": 0.05163933459410791,
    "mer": 0.08352941176470588,
    "wil": 0.11923275174488746,
    "substitution_rate": 0.03741010458494975,
    "insertion_rate": 0.022028630413575626,
    "deletion_rate": 0.02593071530660859,
    "latency": {
      "mean": 0.04255550659238133,
      "p50": 0.04042229093829519,
      "p95": 0.05838602181393071
    },
    "rtfx": {
      "mean": 229.5831351643142,
      "p50": 201.76094242104494,
      "p95": 487.2257148344443
    },
    "audio_duration": {
      "mean": 9.634987547502714,
      "min": 0.5999375,
      "max": 69.24,
      "p50": 8.288656249999999,
      "total": 17747.6470625
    },
    "num_samples": 1842,
    "bleu": null,
    "throughput_rtfx": 219.2291587077736
  },
  "sample_results": []
}