{
  "config": {
    "model": "google/gemma-4-E4B-it",
    "dataset": "librispeech",
    "split": "test.clean",
    "backend": "vllm",
    "quantization": null,
    "limit": null,
    "seed": 42,
    "output_dir": "eval_results",
    "output_json": null,
    "output_csv": null,
    "quiet": true,
    "streaming": false,
    "prompt": "Transcribe the following speech segment in its original language.",
    "max_output_tokens": null,
    "chunk_duration_s": null,
    "batch_size": 16
  },
  "corpus_metrics": {
    "wer": 0.03053046446284109,
    "cer": 0.011228470156564488,
    "mer": 0.03045637533391023,
    "wil": 0.05276250881112399,
    "substitution_rate": 0.022874276339361482,
    "insertion_rate": 0.002432631201795244,
    "deletion_rate": 0.0052235569216843615,
    "latency": {
      "mean": 0.03998007324074559,
      "p50": 0.039026510872645304,
      "p95": 0.055795751250116155
    },
    "rtfx": {
      "mean": 188.59466126729257,
      "p50": 152.18299038381818,
      "p95": 452.0009421610877
    },
    "audio_duration": {
      "mean": 7.4246109255725194,
      "min": 1.285,
      "max": 34.955,
      "p50": 5.79,
      "total": 19452.480625
    },
    "num_samples": 2620,
    "bleu": null,
    "throughput_rtfx": 178.11410233598005
  },
  "sample_results": []
}