{
  "config": {
    "model": "google/gemma-4-E4B-it",
    "dataset": "gigaspeech",
    "split": "test",
    "backend": "vllm",
    "quantization": null,
    "limit": null,
    "seed": 42,
    "output_dir": "eval_results",
    "output_json": null,
    "output_csv": null,
    "quiet": true,
    "streaming": false,
    "prompt": "Transcribe the following speech segment in its original language.",
    "max_output_tokens": null,
    "chunk_duration_s": null,
    "batch_size": 16
  },
  "corpus_metrics": {
    "wer": 0.11111964272887372,
    "cer": 0.05858670510707592,
    "mer": 0.10908852165624301,
    "wil": 0.16746016011115528,
    "substitution_rate": 0.06308966207362897,
    "insertion_rate": 0.018619017306249024,
    "deletion_rate": 0.029410963348995733,
    "latency": {
      "mean": 0.03786902921132078,
      "p50": 0.03751861787532107,
      "p95": 0.048474214687303174
    },
    "rtfx": {
      "mean": 170.77600583650977,
      "p50": 164.68081812408067,
      "p95": 345.7036867363275
    },
    "audio_duration": {
      "mean": 6.386551000953289,
      "min": 0.125,
      "max": 22.025,
      "p50": 6.2,
      "total": 127290.348
    },
    "num_samples": 19931,
    "bleu": null,
    "throughput_rtfx": 157.00240201602512
  },
  "sample_results": []
}