{
  "config": {
    "model": "google/gemma-4-E4B-it",
    "dataset": "librispeech",
    "split": "test.other",
    "backend": "vllm",
    "quantization": null,
    "limit": null,
    "seed": 42,
    "output_dir": "eval_results",
    "output_json": null,
    "output_csv": null,
    "quiet": true,
    "streaming": false,
    "prompt": "Transcribe the following speech segment in its original language.",
    "max_output_tokens": null,
    "chunk_duration_s": null,
    "batch_size": 16
  },
  "corpus_metrics": {
    "wer": 0.07607215793056502,
    "cer": 0.03439101844662695,
    "mer": 0.07560893098782138,
    "wil": 0.130559764381317,
    "substitution_rate": 0.05871341048332199,
    "insertion_rate": 0.006126616746085773,
    "deletion_rate": 0.01123213070115725,
    "latency": {
      "mean": 0.036656039323270044,
      "p50": 0.03490663999764365,
      "p95": 0.05161535424849717
    },
    "rtfx": {
      "mean": 182.14183713670786,
      "p50": 147.63919005991022,
      "p95": 426.0639492342048
    },
    "audio_duration": {
      "mean": 6.542895585233072,
      "min": 1.25,
      "max": 34.51,
      "p50": 5.15,
      "total": 19229.570125
    },
    "num_samples": 2939,
    "bleu": null,
    "throughput_rtfx": 171.16854583896856
  },
  "sample_results": []
}